loss,accuracy
2.1122756004333496,0.25771427154541016
1.7907851934432983,0.4254523813724518
1.6110990047454834,0.5078809261322021
1.4769980907440186,0.5667619109153748
1.3726485967636108,0.613261878490448
1.291314959526062,0.6415714025497437
1.2203775644302368,0.6708809733390808
1.1702855825424194,0.6828809380531311
1.1212352514266968,0.6994524002075195
1.0764415264129639,0.7137143015861511
